Date,water_L,fecha_inicio_ciclo,avg_weight,total_weight,num_anim_total,t2m_C
2023-01-10,10091.74433957849,2022-08-29,"137,1",295039.0,2152.0,8.506073
2023-01-11,10680.388940725208,2022-08-29,"137,1",215384.0,1571.0,8.223114
2023-01-12,9569.270161512108,2022-08-29,"137,1",163286.0,1191.0,6.679413
2023-01-13,11049.642204215112,2022-08-29,"137,1",111737.0,815.0,7.8646545
2023-01-14,11734.078716255555,2022-08-29,"137,1",111737.0,815.0,7.9563904
2023-01-15,11934.893369430229,2022-08-29,"137,1",59639.0,435.0,7.450226
2023-01-16,10698.567923733284,2022-08-29,"142,7",16696.0,117.0,6.2087097
2023-01-17,11195.679202721469,2022-08-29,"142,7",16696.0,117.0,9.061981
2023-01-18,12520.616788946332,2022-08-29,"142,7",16696.0,117.0,5.5608826
2023-01-19,13923.948164434249,2022-08-29,"142,7",16696.0,117.0,5.5953674
2023-01-20,12560.728299744946,2022-08-29,"142,7",16696.0,117.0,7.479706
2023-01-21,13012.493316631406,2022-08-29,"142,7",16696.0,117.0,2.2396545
2023-01-22,11581.987770585907,2022-08-29,"142,7",16696.0,117.0,2.7651062
2023-01-23,13377.221228857084,2023-01-23,"19,2",39398.0,2052.0,1.8683167
2023-01-24,14504.71112197144,2023-01-23,"19,2",39398.0,2052.0,1.2536926
2023-01-25,12499.473525435533,2023-01-23,"19,2",65914.0,3433.0,2.4216003
2023-01-26,14036.66674239228,2023-01-23,"19,2",79642.0,4148.0,2.870453
2023-01-27,15135.549348744118,2023-01-23,"19,2",79642.0,4148.0,2.738617
2023-01-28,12984.831044737974,2023-01-23,"19,2",79642.0,4148.0,2.9861145
2023-01-29,10965.678904705475,2023-01-23,"19,2",79642.0,4148.0,3.1579285
2023-01-30,17210.263823409463,2023-01-23,24,99552.0,4148.0,2.45224
2023-01-31,14308.616787718893,2023-01-23,24,99552.0,4148.0,3.2310486
2023-02-01,16286.214004315994,2023-01-23,24,99552.0,4148.0,5.337616
2023-02-02,4561.549606587095,2023-01-23,24,99552.0,4148.0,5.348755
2023-02-03,8116.498726244647,2023-01-23,24,99552.0,4148.0,6.3819885
2023-02-04,16891.779728943744,2023-01-23,24,99552.0,4148.0,7.324188
2023-02-05,17266.595862925755,2023-01-23,24,99552.0,4148.0,5.672821
2023-02-06,18186.258827472408,2023-01-23,"29,1",120707.0,4148.0,5.7255554
2023-02-07,16858.727956445848,2023-01-23,"29,1",120707.0,4148.0,6.080841
2023-02-08,18727.02195128035,2023-01-23,"29,1",120707.0,4148.0,7.802948
2023-02-09,17500.75102001556,2023-01-23,"29,1",120707.0,4148.0,6.7272644
2023-02-10,8300.450579697132,2023-01-23,"29,1",120707.0,4148.0,6.2347717
2023-02-11,11853.221098326138,2023-01-23,"29,1",120707.0,4148.0,4.4413147
2023-02-12,18344.00545456711,2023-01-23,"29,1",120707.0,4148.0,4.66922
2023-02-13,19889.670625869603,2023-01-23,"34,6",143521.0,4148.0,5.348419
2023-02-14,18945.10026969876,2023-01-23,"34,6",143521.0,4148.0,5.7380676
2023-02-15,22846.19817004377,2023-01-23,"34,6",143521.0,4148.0,7.5016174
2023-02-16,23298.187331711288,2023-01-23,"34,6",143521.0,4148.0,7.584015
2023-02-17,19935.45495222332,2023-01-23,"34,6",143521.0,4148.0,8.789581
2023-02-18,20403.18329231425,2023-01-23,"34,6",143521.0,4148.0,10.031708
2023-02-19,18960.654233120527,2023-01-23,"34,6",143521.0,4148.0,10.616211
2023-02-20,21059.58984051228,2023-01-23,"40,4",167579.0,4148.0,11.968567
2023-02-21,22255.779879985865,2023-01-23,"40,4",167579.0,4148.0,11.355988
2023-02-22,21692.259792686447,2023-01-23,"40,4",167579.0,4148.0,12.196075
2023-02-23,23892.454669574337,2023-01-23,"40,4",167579.0,4148.0,9.975189
2023-02-24,24887.46856925981,2023-01-23,"40,4",167579.0,4148.0,7.6444397
2023-02-25,22822.673266439742,2023-01-23,"40,4",167579.0,4148.0,7.5003967
2023-02-26,22110.19403250745,2023-01-23,"40,4",167579.0,4148.0,7.4270325
2023-02-27,24131.010562137497,2023-01-23,"46,5",192882.0,4148.0,4.013397
2023-02-28,26165.06147723139,2023-01-23,"46,5",192882.0,4148.0,4.5811462
2023-03-01,23420.3703499178,2023-01-23,"46,5",192882.0,4148.0,3.3727722
2023-03-02,32769.603456845245,2023-01-23,"46,5",192882.0,4148.0,4.134247
2023-03-03,23701.31512025136,2023-01-23,"46,5",192882.0,4148.0,6.962311
2023-03-04,26156.49031900302,2023-01-23,"46,5",192882.0,4148.0,6.6527405
2023-03-05,25404.97843292814,2023-01-23,"46,5",192882.0,4148.0,8.937775
2023-03-06,28444.69774752016,2023-01-23,"52,9",219429.0,4148.0,10.075775
2023-03-07,28405.175039406746,2023-01-23,"52,9",219429.0,4148.0,11.048187
2023-03-08,26086.93823757768,2023-01-23,"52,9",219429.0,4148.0,13.941254
2023-03-09,20954.68545512819,2023-01-23,"52,9",219429.0,4148.0,14.748444
2023-03-10,21537.4074670942,2023-01-23,"52,9",219429.0,4148.0,16.076508
2023-03-11,22008.154186659485,2023-01-23,"52,9",219429.0,4148.0,17.992157
2023-03-12,22445.24307221756,2023-01-23,"52,9",219429.0,4148.0,18.279755
2023-03-13,24274.02371711749,2023-01-23,"59,4",246391.0,4148.0,17.689545
2023-03-14,23298.00128880049,2023-01-23,"59,4",246391.0,4148.0,14.7395935
2023-03-15,24118.985318738163,2023-01-23,"59,4",246391.0,4148.0,13.988312
2023-03-16,25238.47698330082,2023-01-23,"59,4",246391.0,4148.0,12.87973
2023-03-17,26151.284270615604,2023-01-23,"59,4",246391.0,4148.0,13.684723
2023-03-18,22846.42370582464,2023-01-23,"59,4",246391.0,4148.0,14.173492
2023-03-19,24766.553259366698,2023-01-23,"59,4",246391.0,4148.0,13.415375
2023-03-20,25117.934720983023,2023-01-23,"66,1",274183.0,4148.0,14.721039
2023-03-21,25398.11587259302,2023-01-23,"66,1",274183.0,4148.0,14.506744
2023-03-22,29126.09461071775,2023-01-23,"66,1",274183.0,4148.0,15.319489
2023-03-23,27405.68253760473,2023-01-23,"66,1",274183.0,4148.0,16.587921
2023-03-24,32148.210722586413,2023-01-23,"66,1",274183.0,4148.0,17.213654
2023-03-25,23333.02568642444,2023-01-23,"66,1",274183.0,4148.0,15.183441
2023-03-26,22092.09356672646,2023-01-23,"66,1",274183.0,4148.0,14.566986
2023-03-27,24122.767009108265,2023-01-23,72,298656.0,4148.0,14.599945
2023-03-28,26726.50491703776,2023-01-23,72,298656.0,4148.0,14.333405
2023-03-29,25615.75308008065,2023-01-23,72,298656.0,4148.0,15.118561
2023-03-30,28786.0280842506,2023-01-23,72,298656.0,4148.0,18.190826
2023-03-31,25243.218118045825,2023-01-23,72,298656.0,4148.0,18.629913
2023-04-01,29456.171624953,2023-01-23,72,298656.0,4148.0,15.089569
2023-04-02,22133.41898633528,2023-01-23,72,298656.0,4148.0,13.213226
2023-04-03,28199.31953519469,2023-01-23,"79,6",330181.0,4148.0,13.687592
2023-04-04,27384.086019716044,2023-01-23,"79,6",330181.0,4148.0,13.792694
2023-04-05,19163.80022464864,2023-01-23,"79,6",330181.0,4148.0,13.487518
2023-04-07,26937.00773037772,2023-01-23,"79,6",330181.0,4148.0,15.472778
2023-04-08,33166.347943174085,2023-01-23,"79,6",330181.0,4148.0,14.525665
2023-04-09,30909.565178014625,2023-01-23,"79,6",330181.0,4148.0,16.151764
2023-04-10,24442.46807859623,2023-01-23,"86,4",358387.0,4148.0,18.269562
2023-04-11,23974.98598595561,2023-01-23,"86,4",358387.0,4148.0,18.40744
2023-04-12,22036.433881747264,2023-01-23,"86,4",358387.0,4148.0,17.53775
2023-04-13,23804.20172139077,2023-01-23,"86,4",358387.0,4148.0,13.1927185
2023-04-14,3386.5836395591905,2023-01-23,"86,4",358387.0,4148.0,15.283234
2023-04-15,17108.073976769138,2023-01-23,"86,4",358387.0,4148.0,15.983429
2023-04-16,24478.34100046007,2023-01-23,"86,4",358387.0,4148.0,15.010223
2023-04-17,27423.337289680283,2023-01-23,"93,2",386594.0,4148.0,15.560883
2023-04-18,25710.67471707557,2023-01-23,"93,2",386594.0,4148.0,14.578827
2023-04-19,2268.213835358578,2023-01-23,"93,2",386594.0,4148.0,15.57962
2023-04-20,948.7130063400616,2023-01-23,"93,2",386594.0,4148.0,18.373505
2023-04-21,4007.5177584266994,2023-01-23,"93,2",386594.0,4148.0,17.482086
2023-04-22,3688.417617525229,2023-01-23,"93,2",386594.0,4148.0,17.926788
2023-04-23,2990.3650324649752,2023-01-23,"93,2",386594.0,4148.0,18.877472
2023-04-24,2565.297671858348,2023-01-23,"99,8",413970.0,4148.0,19.742767
2023-04-25,2380.792017516754,2023-01-23,"99,8",413970.0,4148.0,21.449799
2023-04-26,2676.369633921635,2023-01-23,"99,8",413970.0,4148.0,21.408173
2023-04-27,2187.307153100975,2023-01-23,"99,8",413970.0,4148.0,21.457306
2023-04-28,3123.673308758064,2023-01-23,"99,8",413970.0,4148.0,21.359894
2023-04-29,4778.915310047111,2023-01-23,"99,8",413970.0,4148.0,22.242035
2023-04-30,9222.619693232018,2023-01-23,"99,8",413970.0,4148.0,21.641571
2023-05-01,8632.700266848124,2023-01-23,"106,4",441347.0,4148.0,21.100006
2023-05-02,9349.073674354251,2023-01-23,"106,4",441347.0,4148.0,20.304962
2023-05-03,9742.348127310548,2023-01-23,"106,4",425387.0,3998.0,19.967072
2023-05-04,9992.254735457956,2023-01-23,"106,4",425387.0,3998.0,20.655853
2023-05-05,8637.383804431292,2023-01-23,"106,4",384955.0,3618.0,21.700897
2023-05-06,9234.888407495358,2023-01-23,"106,4",384955.0,3618.0,22.248138
2023-05-07,10161.701795446526,2023-01-23,"106,4",384955.0,3618.0,21.210297
2023-05-08,10322.05649697294,2023-01-23,"112,8",391190.0,3468.0,21.826202
2023-05-09,10561.602186846245,2023-01-23,"112,8",374270.0,3318.0,21.699432
2023-05-10,11260.995212872642,2023-01-23,"112,8",357350.0,3168.0,19.133026
2023-05-11,15492.06318732283,2023-01-23,"112,8",335918.0,2978.0,17.582855
2023-05-12,12379.196191801077,2023-01-23,"112,8",335918.0,2978.0,16.113434
2023-05-13,9261.0128632495,2023-01-23,"112,8",335918.0,2978.0,16.751068
2023-05-14,9034.668911543886,2023-01-23,"112,8",335918.0,2978.0,18.02414
2023-05-15,10462.60147869062,2023-01-23,"119,2",336859.0,2826.0,18.518036
2023-05-16,11114.731675962184,2023-01-23,"119,2",336859.0,2826.0,19.010284
2023-05-17,9103.94521327472,2023-01-23,"119,2",336859.0,2826.0,18.175507
2023-05-18,11116.338021172784,2023-01-23,"119,2",291563.0,2446.0,18.086151
2023-05-19,11621.137676403354,2023-01-23,"119,2",291563.0,2446.0,17.309479
2023-05-20,11686.24075060656,2023-01-23,"119,2",291563.0,2446.0,18.23764
2023-05-21,10311.606412475152,2023-01-23,"119,2",291563.0,2446.0,18.213348
2023-05-22,10584.312060397267,2023-01-23,"125,3",287689.0,2296.0,18.181183
2023-05-23,11613.0456498666,2023-01-23,"125,3",269520.0,2151.0,19.419098
2023-05-24,10579.599532767184,2023-01-23,"125,3",221906.0,1771.0,18.434052
2023-05-25,126.7759260915251,2023-01-23,"125,3",221906.0,1771.0,16.979645
2023-05-26,417.5611358818476,2023-01-23,"125,3",221906.0,1771.0,19.155182
2023-05-27,11489.24775397437,2023-01-23,"125,3",221906.0,1771.0,20.193756
2023-05-28,11480.97552659978,2023-01-23,"125,3",221906.0,1771.0,20.864227
2023-05-29,11857.732740805695,2023-01-23,"131,3",232532.0,1771.0,21.202423
2023-05-30,13609.9100237302,2023-01-23,"131,3",212837.0,1621.0,20.355316
2023-05-31,12134.289794615845,2023-01-23,"131,3",212837.0,1621.0,21.572296
2023-06-01,17160.509997852758,2023-01-23,"131,3",162943.0,1241.0,19.177643
2023-06-02,19432.981583260364,2023-01-23,"131,3",162943.0,1241.0,19.810883
2023-06-03,13590.324270479086,2023-01-23,"131,3",162943.0,1241.0,20.203522
2023-06-04,13039.198194725484,2023-01-23,"131,3",159004.0,1211.0,19.80246
2023-06-05,11251.849598486458,2023-01-23,"137,1",139979.0,1021.0,21.327545
2023-06-06,13405.017025528969,2023-01-23,"137,1",113930.0,831.0,22.393036
2023-06-07,13595.11369954958,2023-01-23,"137,1",61832.0,451.0,21.185455
2023-06-08,19237.689731887865,2023-01-23,"137,1",61832.0,451.0,21.055695
2023-06-09,17541.21972100736,2023-01-23,"137,1",61832.0,451.0,23.20523
2023-06-10,17612.60098357501,2023-01-23,"137,1",61832.0,451.0,24.482635
2023-06-11,17953.366639217966,2023-01-23,"137,1",61832.0,451.0,22.88681
2023-06-12,17996.360597775838,2023-01-23,"142,7",64358.0,451.0,22.447296
2023-06-13,17602.31979888347,2023-01-23,"142,7",64358.0,451.0,21.986664
2023-06-14,19235.834122158616,2023-01-23,"142,7",64358.0,451.0,23.542816
2023-06-15,17992.989692841824,2023-01-23,"142,7",13699.0,96.0,24.473114
2023-06-16,20139.720293423063,2023-01-23,"142,7",13699.0,96.0,24.966217
2023-06-17,18033.251027585226,2023-01-23,"142,7",13699.0,96.0,26.116608
2023-06-18,21739.210381855264,2023-01-23,"142,7",13699.0,96.0,25.13858
2023-06-19,18879.25006971212,2023-01-23,"148,3",14237.0,96.0,24.473969
2023-06-20,17040.87950213421,2023-01-23,"148,3",14237.0,96.0,26.247711
2023-06-21,20960.04640528272,2023-01-23,"148,3",14237.0,96.0,26.043427
2023-06-22,20414.148302879843,2023-01-23,"148,3",14237.0,96.0,25.180267
2023-06-23,19422.676624982952,2023-01-23,"148,3",14237.0,96.0,26.45578
2023-06-24,17931.175527114774,2023-01-23,"148,3",14237.0,96.0,27.762238
2023-06-25,18492.45225096933,2023-01-23,"148,3",14237.0,96.0,29.393158
2023-06-26,15655.184156328092,2023-06-26,"19,2",52685.0,2744.0,29.757294
2023-06-27,16880.819174731874,2023-06-26,"19,2",52685.0,2744.0,28.587494
2023-06-28,15976.537281102048,2023-06-26,"19,2",52685.0,2744.0,28.2034
2023-06-29,16777.975990036477,2023-06-26,"19,2",52685.0,2744.0,26.161469
2023-06-30,16584.096314212176,2023-06-26,"19,2",65914.0,3433.0,23.257294
2023-07-01,15278.607392652528,2023-06-26,"19,2",65914.0,3433.0,23.499115
2023-07-02,15108.230919009216,2023-06-26,"19,2",65914.0,3433.0,25.749786
2023-07-03,12216.201927789409,2023-06-26,24,98928.0,4122.0,25.60202
2023-07-04,13832.480727408863,2023-06-26,24,98928.0,4122.0,24.772858
2023-07-05,9009.019804201733,2023-06-26,24,98928.0,4122.0,24.951202
2023-07-06,8421.245437969335,2023-06-26,24,98928.0,4122.0,24.175507
2023-07-07,8370.293467855332,2023-06-26,24,98928.0,4122.0,25.938507
2023-07-08,8746.466925292905,2023-06-26,24,98928.0,4122.0,27.9357
2023-07-09,9319.299123385228,2023-06-26,24,98928.0,4122.0,29.84494
2023-07-10,8942.190933889882,2023-06-26,"29,1",119950.0,4122.0,30.435028
2023-07-11,9487.032294365084,2023-06-26,"29,1",119950.0,4122.0,31.419037
2023-07-12,6534.554303562611,2023-06-26,"29,1",119950.0,4122.0,29.2482
2023-07-13,4117.927522869016,2023-06-26,"29,1",119950.0,4122.0,28.818085
2023-07-14,3569.4319776327025,2023-06-26,"29,1",119950.0,4122.0,28.10849
2023-07-15,3946.873995355457,2023-06-26,"29,1",119950.0,4122.0,28.953522
2023-07-16,3628.634611104675,2023-06-26,"29,1",119950.0,4122.0,26.081268
2023-07-17,3735.741896504052,2023-06-26,"34,6",142621.0,4122.0,29.164154
2023-07-18,5601.239408394545,2023-06-26,"34,6",142621.0,4122.0,31.954987
2023-07-19,3817.3338229897854,2023-06-26,"34,6",142621.0,4122.0,31.831451
2023-07-20,2082.361552425812,2023-06-26,"34,6",142621.0,4122.0,28.766632
2023-07-21,1848.0711504861472,2023-06-26,"34,6",142621.0,4122.0,27.927765
2023-07-22,1596.0453201955618,2023-06-26,"34,6",142621.0,4122.0,26.529144
2023-07-23,3600.1832172066934,2023-06-26,"34,6",142621.0,4122.0,28.398468
2023-07-24,3692.728552794803,2023-06-26,"40,4",166529.0,4122.0,29.228119
2023-07-25,3590.037379086057,2023-06-26,"40,4",166529.0,4122.0,25.143646
2023-07-26,3455.8234092327007,2023-06-26,"40,4",166529.0,4122.0,25.08377
2023-07-27,3184.783091097093,2023-06-26,"40,4",166529.0,4122.0,26.59616
2023-07-28,3296.186624748794,2023-06-26,"40,4",166529.0,4122.0,26.747711
2023-07-29,3396.3164440167297,2023-06-26,"40,4",166529.0,4122.0,28.74472
2023-07-30,5404.454461857603,2023-06-26,"40,4",166529.0,4122.0,28.200775
2023-07-31,6239.6189251459855,2023-06-26,"46,5",191673.0,4122.0,28.633392
2023-08-01,6601.256933189306,2023-06-26,"46,5",191673.0,4122.0,28.352325
2023-08-02,7826.854124305434,2023-06-26,"46,5",191673.0,4122.0,29.95816
2023-08-03,6821.092207417665,2023-06-26,"46,5",191673.0,4122.0,26.224213
2023-08-04,7458.41233722309,2023-06-26,"46,5",191673.0,4122.0,23.51651
2023-08-05,8120.263192984308,2023-06-26,"46,5",191673.0,4122.0,23.905975
2023-08-06,8831.33408226281,2023-06-26,"46,5",191673.0,4122.0,25.286346
2023-08-07,8605.077337257297,2023-06-26,"52,9",218054.0,4122.0,23.300812
2023-08-08,7814.225530458337,2023-06-26,"52,9",218054.0,4122.0,26.526276
2023-08-09,8886.132292774248,2023-06-26,"52,9",218054.0,4122.0,27.83725
2023-08-10,7758.186270278175,2023-06-26,"52,9",218054.0,4122.0,31.016022
2023-08-11,9678.71512687903,2023-06-26,"52,9",218054.0,4122.0,29.493683
2023-08-12,9159.381263679934,2023-06-26,"52,9",218054.0,4122.0,29.162384
2023-08-13,9192.271569451746,2023-06-26,"52,9",218054.0,4122.0,28.464386
2023-08-14,4970.24568064525,2023-06-26,"59,4",244847.0,4122.0,27.65268
2023-08-15,9552.952413208704,2023-06-26,"59,4",244847.0,4122.0,28.693146
2023-08-16,10801.088136138877,2023-06-26,"59,4",244847.0,4122.0,28.663727
2023-08-17,9412.871726141258,2023-06-26,"59,4",244847.0,4122.0,28.968903
2023-08-18,10051.495158531565,2023-06-26,"59,4",244847.0,4122.0,29.167755
2023-08-19,9557.46435284398,2023-06-26,"59,4",244847.0,4122.0,29.649628
2023-08-20,10715.605957183425,2023-06-26,"59,4",244847.0,4122.0,31.465485
2023-08-21,10691.154069324975,2023-06-26,"66,1",272464.0,4122.0,33.118988
2023-08-22,12943.103857144904,2023-06-26,"66,1",272464.0,4122.0,33.08835
2023-08-23,11496.259968542508,2023-06-26,"66,1",272464.0,4122.0,33.193146
2023-08-24,10528.734900095373,2023-06-26,"66,1",272464.0,4122.0,32.79355
2023-08-25,11595.39677809755,2023-06-26,"66,1",272464.0,4122.0,31.685394
2023-08-26,10542.364190553104,2023-06-26,"66,1",272464.0,4122.0,27.526215
2023-08-27,9971.681973249944,2023-06-26,"66,1",272464.0,4122.0,21.846405
2023-08-28,9517.915362188163,2023-06-26,72,296784.0,4122.0,21.469757
2023-08-29,13554.125741292984,2023-06-26,72,296784.0,4122.0,22.239899
2023-08-30,10902.755819961592,2023-06-26,72,296784.0,4122.0,22.235382
2023-08-31,11726.230379812248,2023-06-26,72,296784.0,4122.0,22.612396
2023-09-01,11478.79591140703,2023-06-26,72,296784.0,4122.0,24.321075
2023-09-02,13671.851552687584,2023-06-26,72,296784.0,4122.0,22.857819
2023-09-03,546.3344007110994,2023-06-26,72,296784.0,4122.0,24.753326
2023-09-04,7802.1834480356465,2023-06-26,"79,6",328111.0,4122.0,28.245697
2023-09-05,15345.848081604348,2023-06-26,"79,6",328111.0,4122.0,26.56546
2023-09-06,15975.083902881815,2023-06-26,"79,6",328111.0,4122.0,25.32315
2023-09-07,14790.47458573225,2023-06-26,"79,6",328111.0,4122.0,25.08017
2023-09-08,14382.034724100418,2023-06-26,"79,6",328111.0,4122.0,24.494843
2023-09-09,15914.947479367094,2023-06-26,"79,6",328111.0,4122.0,23.972229
2023-09-10,15346.71852398689,2023-06-26,"79,6",328111.0,4122.0,24.763641
2023-09-11,14875.709447314592,2023-06-26,"86,4",356141.0,4122.0,24.89627
2023-09-12,16485.730354402574,2023-06-26,"86,4",356141.0,4122.0,22.593475
2023-09-13,15641.65811118498,2023-06-26,"86,4",356141.0,4122.0,22.71048
2023-09-14,16443.530421227984,2023-06-26,"86,4",356141.0,4122.0,22.65274
2023-09-15,16071.455038564183,2023-06-26,"86,4",356141.0,4122.0,20.773956
2023-09-16,17196.761816434475,2023-06-26,"86,4",356141.0,4122.0,22.470001
2023-09-17,19607.71846402079,2023-06-26,"86,4",356141.0,4122.0,24.07486
2023-09-18,17369.305723345533,2023-06-26,"93,2",384170.0,4122.0,22.619781
2023-09-19,19582.81927896212,2023-06-26,"93,2",384170.0,4122.0,21.170624
2023-09-20,17633.57064939841,2023-06-26,"93,2",384170.0,4122.0,21.659637
2023-09-21,19998.20973184108,2023-06-26,"93,2",384170.0,4122.0,21.002655
2023-09-22,21376.02928183092,2023-06-26,"93,2",384170.0,4122.0,19.074677
2023-09-23,18813.829197135536,2023-06-26,"93,2",384170.0,4122.0,18.48404
2023-09-24,19019.52582835105,2023-06-26,"93,2",384170.0,4122.0,20.01181
2023-09-25,34086.06378951364,2023-06-26,"99,8",411376.0,4122.0,20.461487
2023-09-26,31636.05423008752,2023-06-26,"99,8",411376.0,4122.0,21.134216
2023-09-27,31239.191459470603,2023-06-26,"99,8",411376.0,4122.0,22.335175
2023-09-28,34024.513527500894,2023-06-26,"99,8",411376.0,4122.0,22.770844
2023-09-29,36376.37532502335,2023-06-26,"99,8",411376.0,4122.0,24.012848
2023-09-30,33403.75473577988,2023-06-26,"99,8",411376.0,4122.0,25.62912
2023-10-01,34042.54212595397,2023-06-26,"99,8",411376.0,4122.0,25.216644
2023-10-02,33835.60836259091,2023-06-26,"106,4",438581.0,4122.0,23.457336
2023-10-03,32096.30428875425,2023-06-26,"106,4",438581.0,4122.0,23.701935
2023-10-04,32348.74401554483,2023-06-26,"106,4",438581.0,4122.0,23.884369
2023-10-05,27102.14998209103,2023-06-26,"106,4",438581.0,4122.0,23.572266
2023-10-06,28938.15975823504,2023-06-26,"106,4",438581.0,4122.0,23.840576
2023-10-07,29715.385571902487,2023-06-26,"106,4",438581.0,4122.0,23.456543
2023-10-08,27575.71804319895,2023-06-26,"106,4",438581.0,4122.0,23.612244
2023-10-09,27169.49336034669,2023-06-26,"112,8",464962.0,4122.0,22.600311
2023-10-10,27539.29084378139,2023-06-26,"112,8",464962.0,4122.0,22.160797
2023-10-11,23798.56385802952,2023-06-26,"112,8",464962.0,4122.0,21.369446
2023-10-12,27578.946605092267,2023-06-26,"112,8",464962.0,4122.0,20.812927
2023-10-13,28957.293094562367,2023-06-26,"112,8",464962.0,4122.0,20.993927
2023-10-14,30820.06521313091,2023-06-26,"112,8",464962.0,4122.0,22.215668
2023-10-15,28432.957305981232,2023-06-26,"112,8",464962.0,4122.0,20.710297
2023-10-16,39298.73351777542,2023-06-26,"119,2",491342.0,4122.0,19.722992
2023-10-17,40242.54643158682,2023-06-26,"119,2",491342.0,4122.0,20.459564
2023-10-18,40400.64474314811,2023-06-26,"119,2",491342.0,4122.0,21.989594
2023-10-19,33126.081856308374,2023-06-26,"119,2",467502.0,3922.0,18.740082
2023-10-20,27035.46353235537,2023-06-26,"119,2",467502.0,3922.0,17.15097
2023-10-21,32121.05017929699,2023-06-26,"119,2",467502.0,3922.0,15.148773
2023-10-22,29588.482666326137,2023-06-26,"119,2",467502.0,3922.0,14.310577
2023-10-23,31490.130023124988,2023-06-26,"125,3",491427.0,3922.0,17.675201
2023-10-24,33006.646140470635,2023-06-26,"125,3",491427.0,3922.0,15.879059
2023-10-25,36159.09257632789,2023-06-26,"125,3",442058.0,3528.0,16.254303
2023-10-26,40392.48829674652,2023-06-26,"125,3",393191.0,3138.0,18.834198
2023-10-27,33846.10095501574,2023-06-26,"125,3",393191.0,3138.0,16.403778
2023-10-28,33786.07174680084,2023-06-26,"125,3",393191.0,3138.0,15.637421
2023-10-29,34444.95037515645,2023-06-26,"125,3",393191.0,3138.0,17.355865
2023-10-30,38896.93501911842,2023-06-26,"131,3",412019.0,3138.0,14.522308
2023-10-31,37004.04857705355,2023-06-26,"131,3",412019.0,3138.0,13.5052185
2023-11-01,35167.016011001186,2023-06-26,"131,3",387072.0,2948.0,12.889435
2023-11-02,34482.10952101226,2023-06-26,"131,3",327331.0,2493.0,14.55307
2023-11-03,28503.48680680876,2023-06-26,"131,3",327331.0,2493.0,11.860382
2023-11-04,26503.23583920564,2023-06-26,"131,3",327331.0,2493.0,12.529572
2023-11-05,30312.39125733223,2023-06-26,"131,3",327331.0,2493.0,14.686859
2023-11-06,23571.30705464619,2023-06-26,"137,1",341790.0,2493.0,11.038116
2023-11-07,27563.09608552944,2023-06-26,"137,1",290789.0,2121.0,9.35434
2023-11-08,25231.510098075803,2023-06-26,"137,1",290789.0,2121.0,9.936066
2023-11-09,22171.244084436697,2023-06-26,"137,1",237320.0,1731.0,11.8385315
2023-11-10,19145.061507444727,2023-06-26,"137,1",237320.0,1731.0,12.529755
2023-11-11,19698.03426395883,2023-06-26,"137,1",237320.0,1731.0,13.838959
2023-11-12,22862.194269434112,2023-06-26,"137,1",233893.0,1706.0,17.123505
2023-11-13,22770.930364508047,2023-06-26,"142,7",243446.0,1706.0,16.606415
2023-11-14,24330.48262120421,2023-06-26,"142,7",214906.0,1506.0,16.490448
2023-11-15,23345.97775509229,2023-06-26,"142,7",186366.0,1306.0,15.36911
2023-11-16,23218.84140894942,2023-06-26,"142,7",129714.0,909.0,15.678436
2023-11-17,17279.15451405398,2023-06-26,"142,7",73205.0,513.0,14.420929
2023-11-18,13765.302126333276,2023-06-26,"142,7",73205.0,513.0,13.329132
2023-11-19,13853.307442812644,2023-06-26,"142,7",63359.0,444.0,13.157562
2023-11-20,12361.427282651455,2023-06-26,"148,3",55019.0,371.0,12.718018
2023-11-21,14513.806626491678,2023-06-26,"148,3",25211.0,170.0,12.46225
2023-11-22,12688.808219981203,2023-06-26,"148,3",25211.0,170.0,11.390411
2023-11-23,11849.82404322264,2023-06-26,"148,3",25211.0,170.0,8.208221
2023-11-24,8955.974493578866,2023-06-26,"148,3",25211.0,170.0,8.423431
2023-11-25,4854.047804823888,2023-06-26,"148,3",25211.0,170.0,9.885773
2023-11-26,7384.818312705113,2023-06-26,"148,3",25211.0,170.0,9.296783
2023-11-27,6600.039596314842,2023-06-26,"153,9",26163.0,170.0,10.176544
2023-11-28,6878.834168433312,2023-06-26,"153,9",26163.0,170.0,12.831818
2023-11-29,4262.213565303085,2023-11-29,"19,2",26112.0,1360.0,13.085419
2023-11-30,3261.471501213532,2023-11-29,"19,2",26112.0,1360.0,14.358856
2023-12-01,1036.9207758104171,2023-11-29,"19,2",26112.0,1360.0,12.45401
2023-12-02,13158.394853879408,2023-11-29,"19,2",26112.0,1360.0,9.654877
2023-12-03,10010.40396653538,2023-11-29,"19,2",26112.0,1360.0,6.7028503
2023-12-04,10929.703089148696,2023-11-29,"19,2",26112.0,1360.0,7.9482117
2023-12-05,13579.955806714266,2023-11-29,"19,2",52608.0,2740.0,8.180634
2023-12-06,12825.12318987014,2023-11-29,24,98880.0,4120.0,8.192841
2023-12-07,15384.587463876462,2023-11-29,24,98880.0,4120.0,7.535492
2023-12-08,17198.692360516314,2023-11-29,24,98880.0,4120.0,10.788788
2023-12-09,13342.337120909082,2023-11-29,24,98880.0,4120.0,9.683746
2023-12-10,14740.021299042754,2023-11-29,24,98880.0,4120.0,13.073517
2023-12-11,15746.912477800844,2023-11-29,24,98880.0,4120.0,11.679413
2023-12-12,7104.644308342287,2023-11-29,24,98880.0,4120.0,12.139923
2023-12-13,14322.97964051675,2023-11-29,"29,1",119892.0,4120.0,11.428131
2023-12-14,14460.913500874049,2023-11-29,"29,1",119892.0,4120.0,9.885651
2023-12-15,15607.623234129998,2023-11-29,"29,1",119892.0,4120.0,8.741913
2023-12-16,14760.943088152371,2023-11-29,"29,1",119892.0,4120.0,7.783478
2023-12-17,15893.39405524901,2023-11-29,"29,1",119892.0,4120.0,5.511566
2023-12-18,13753.816470957585,2023-11-29,"29,1",119892.0,4120.0,5.639679
2023-12-19,16251.457896854978,2023-11-29,"29,1",119892.0,4120.0,6.244171
2023-12-20,14680.160418475363,2023-11-29,"34,6",142552.0,4120.0,7.4134827
2023-12-21,12729.542436185173,2023-11-29,"34,6",142552.0,4120.0,9.541351
2023-12-22,13488.704106163694,2023-11-29,"34,6",142552.0,4120.0,11.862213
2023-12-23,16676.25723146228,2023-11-29,"34,6",142552.0,4120.0,9.076202
2023-12-24,16706.24973689524,2023-11-29,"34,6",142552.0,4120.0,7.721527
2023-12-25,16635.878314286874,2023-11-29,"34,6",142552.0,4120.0,6.1410217
2023-12-26,13526.226897835824,2023-11-29,"34,6",142552.0,4120.0,6.0229187
2023-12-27,17500.391923274718,2023-11-29,"40,4",166448.0,4120.0,6.049347
2023-12-28,16038.985555370864,2023-11-29,"40,4",166448.0,4120.0,4.898224
2023-12-29,19087.560105152217,2023-11-29,"40,4",166448.0,4120.0,5.8178406
2023-12-30,17898.239401012244,2023-11-29,"40,4",166448.0,4120.0,7.154999
2023-12-31,19503.01958506963,2023-11-29,"40,4",166448.0,4120.0,7.8181458
2024-01-01,18093.324721774927,2023-11-29,"40,4",166448.0,4120.0,7.7618713
2024-01-02,18459.450055045138,2023-11-29,"40,4",166448.0,4120.0,7.074127
2024-01-03,18799.854300852672,2023-11-29,"46,5",191580.0,4120.0,10.436249
2024-01-04,18170.683622169217,2023-11-29,"46,5",191580.0,4120.0,9.648285
2024-01-05,19011.16164180601,2023-11-29,"46,5",191580.0,4120.0,8.793915
2024-01-06,17709.505899985073,2023-11-29,"46,5",191580.0,4120.0,7.488922
2024-01-07,17187.724408268183,2023-11-29,"46,5",191580.0,4120.0,6.6385193
2024-01-08,20308.125507059554,2023-11-29,"46,5",191580.0,4120.0,5.049225
2024-01-09,22217.89596281608,2023-11-29,"46,5",191580.0,4120.0,4.170746
2024-01-10,22142.359390163376,2023-11-29,"52,9",217948.0,4120.0,6.191742
2024-01-11,24719.999155330825,2023-11-29,"52,9",217948.0,4120.0,4.024872
2024-01-12,24351.88898178442,2023-11-29,"52,9",217948.0,4120.0,3.2102356
2024-01-13,24255.27078460549,2023-11-29,"52,9",217948.0,4120.0,5.2411194
2024-01-14,24643.54306698965,2023-11-29,"52,9",217948.0,4120.0,8.423859
2024-01-15,21838.83896229988,2023-11-29,"52,9",217948.0,4120.0,10.783173
2024-01-16,10637.872960591998,2023-11-29,"52,9",217948.0,4120.0,11.198334
2024-01-17,26082.835207769967,2023-11-29,"59,4",244728.0,4120.0,11.0416565
2024-01-18,24739.04064957501,2023-11-29,"59,4",244728.0,4120.0,13.003265
2024-01-19,23260.308952144787,2023-11-29,"59,4",244728.0,4120.0,7.5326843
2024-01-20,26592.050570423664,2023-11-29,"59,4",244728.0,4120.0,5.3127747
2024-01-21,29347.310095514244,2023-11-29,"59,4",244728.0,4120.0,6.3243713
2024-01-22,28352.82312848846,2023-11-29,"59,4",244728.0,4120.0,5.677887
2024-01-23,29441.573259862424,2023-11-29,"59,4",244728.0,4120.0,11.141693
2024-01-24,25402.6070788402,2023-11-29,"66,1",272332.0,4120.0,10.994537
2024-01-25,27247.512258620864,2023-11-29,"66,1",272332.0,4120.0,10.636139
2024-01-26,28286.90554080629,2023-11-29,"66,1",272332.0,4120.0,11.402618
2024-01-27,30593.92547972212,2023-11-29,"66,1",272332.0,4120.0,9.948578
2024-01-28,27348.154207341264,2023-11-29,"66,1",272332.0,4120.0,8.9539795
2024-01-29,25177.25125203578,2023-11-29,"66,1",272332.0,4120.0,9.290222
2024-01-30,24536.06707092547,2023-11-29,"66,1",272332.0,4120.0,8.851471
2024-01-31,23789.47729497032,2023-11-29,72,296640.0,4120.0,8.209473
2024-02-01,23969.935577289547,2023-11-29,72,296640.0,4120.0,8.562714
2024-02-02,25712.6892281244,2023-11-29,72,296640.0,4120.0,9.226685
2024-02-03,25918.0901045474,2023-11-29,72,296640.0,4120.0,8.94931
2024-02-04,25849.32655873532,2023-11-29,72,296640.0,4120.0,10.376068
2024-02-05,24918.221970881343,2023-11-29,72,296640.0,4120.0,10.233063
2024-02-06,30665.285047166617,2023-11-29,72,296640.0,4120.0,9.888458
2024-02-07,20940.92213447941,2023-11-29,"79,6",327952.0,4120.0,11.011322
2024-02-08,25468.85839161144,2023-11-29,"79,6",327952.0,4120.0,11.360321
2024-02-09,28432.907222428043,2023-11-29,"79,6",327952.0,4120.0,11.384979
2024-02-10,29316.46552022548,2023-11-29,"79,6",327952.0,4120.0,10.885834
2024-02-11,28185.7328383858,2023-11-29,"79,6",327952.0,4120.0,9.241058
2024-02-12,28965.773792360666,2023-11-29,"79,6",327952.0,4120.0,10.212311
2024-02-13,24877.530915298827,2023-11-29,"79,6",327952.0,4120.0,10.669708
2024-02-14,26385.80117797713,2023-11-29,"86,4",355968.0,4120.0,12.406128
2024-02-15,26840.36949036912,2023-11-29,"86,4",355968.0,4120.0,12.577026
2024-02-16,25107.65473118557,2023-11-29,"86,4",355968.0,4120.0,10.460846
2024-02-17,24614.57949576972,2023-11-29,"86,4",355968.0,4120.0,10.715973
2024-02-18,28166.486581880297,2023-11-29,"86,4",355968.0,4120.0,11.398743
2024-02-19,29714.492152203155,2023-11-29,"86,4",355968.0,4120.0,13.025482
2024-02-20,27446.49452408969,2023-11-29,"86,4",355968.0,4120.0,10.663116
2024-02-21,27319.825968449022,2023-11-29,"93,2",383984.0,4120.0,10.709686
2024-02-22,27274.57159835593,2023-11-29,"93,2",383984.0,4120.0,12.70578
2024-02-23,28133.71034194113,2023-11-29,"93,2",383984.0,4120.0,9.802765
2024-02-24,26991.333385201844,2023-11-29,"93,2",383984.0,4120.0,8.286041
2024-02-25,28039.88806729415,2023-11-29,"93,2",383984.0,4120.0,8.081818
2024-02-26,27642.332323575185,2023-11-29,"93,2",383984.0,4120.0,11.352142
2024-02-27,24295.63503617596,2023-11-29,"93,2",383984.0,4120.0,9.792999
2024-02-28,25353.562771031586,2023-11-29,"99,8",411176.0,4120.0,10.577179
2024-02-29,25152.06431132532,2023-11-29,"99,8",411176.0,4120.0,9.091461
2024-03-01,25346.09567458141,2023-11-29,"99,8",411176.0,4120.0,9.935944
2024-03-02,29425.94830134759,2023-11-29,"99,8",411176.0,4120.0,9.740692
2024-03-03,29318.33093621944,2023-11-29,"99,8",411176.0,4120.0,8.293793
2024-03-04,29455.5648685992,2023-11-29,"99,8",411176.0,4120.0,8.900055
2024-03-05,30541.70090714505,2023-11-29,"99,8",411176.0,4120.0,9.924835
2024-03-06,30268.29375686082,2023-11-29,"106,4",438368.0,4120.0,9.417389
2024-03-07,26818.052753880285,2023-11-29,"106,4",438368.0,4120.0,9.72757
2024-03-08,24542.03635543041,2023-11-29,"106,4",438368.0,4120.0,10.86087
2024-03-09,22983.991811727305,2023-11-29,"106,4",438368.0,4120.0,9.150482
2024-03-10,26739.426676050258,2023-11-29,"106,4",438368.0,4120.0,8.391998
2024-03-11,24527.757228823124,2023-11-29,"106,4",438368.0,4120.0,10.222321
2024-03-12,26071.644187984213,2023-11-29,"106,4",438368.0,4120.0,10.8732605
2024-03-13,22892.66946702298,2023-11-29,"112,8",464736.0,4120.0,12.071533
2024-03-14,26108.678204906188,2023-11-29,"112,8",464736.0,4120.0,12.349762
2024-03-15,23308.408297532296,2023-11-29,"112,8",464736.0,4120.0,15.112152
2024-03-16,23968.223459199,2023-11-29,"112,8",464736.0,4120.0,16.05606
2024-03-17,23630.755860711044,2023-11-29,"112,8",464736.0,4120.0,16.447113
2024-03-18,22930.44788364182,2023-11-29,"112,8",464736.0,4120.0,18.19516
2024-03-19,20746.45264977874,2023-11-29,"112,8",464736.0,4120.0,17.00357
2024-03-20,21485.507258379377,2023-11-29,"119,2",491104.0,4120.0,16.372467
2024-03-21,20143.29663173153,2023-11-29,"119,2",491104.0,4120.0,15.619019
2024-03-22,20095.26641703068,2023-11-29,"119,2",491104.0,4120.0,18.366302
2024-03-23,16757.79423116874,2023-11-29,"119,2",491104.0,4120.0,16.948517
2024-03-24,14048.30664535354,2023-11-29,"119,2",485025.0,4069.0,13.799835
2024-03-25,11751.943461392844,2023-11-29,"119,2",485025.0,4069.0,11.457977
2024-03-26,13991.841617994449,2023-11-29,"119,2",439729.0,3689.0,11.64621
2024-03-27,12106.07359717656,2023-11-29,"125,3",462232.0,3689.0,10.073639
2024-03-28,13029.44648802294,2023-11-29,"125,3",462232.0,3689.0,13.533478
2024-03-29,13463.52479027399,2023-11-29,"125,3",462232.0,3689.0,16.04477
2024-03-30,10422.623061608676,2023-11-29,"125,3",462232.0,3689.0,11.950958
2024-03-31,9695.097927524946,2023-11-29,"125,3",462232.0,3689.0,10.713348
2024-04-01,9987.420237636205,2023-11-29,"125,3",462232.0,3689.0,11.298798
2024-04-02,9042.167198210856,2023-11-29,"125,3",462232.0,3689.0,12.428925
2024-04-03,10462.017887012498,2023-11-29,"131,3",484366.0,3689.0,14.2083435
2024-04-04,10351.794180819968,2023-11-29,"131,3",435785.0,3319.0,16.642792
2024-04-05,10937.64025930477,2023-11-29,"131,3",435785.0,3319.0,16.64914
2024-04-06,11021.84607109389,2023-11-29,"131,3",435785.0,3319.0,18.266815
2024-04-07,11391.182613885465,2023-11-29,"131,3",435785.0,3319.0,19.274323
2024-04-08,9389.947342744474,2023-11-29,"131,3",410838.0,3129.0,18.901642
2024-04-09,9178.946328936298,2023-11-29,"131,3",410838.0,3129.0,13.591705
2024-04-10,12546.19204303784,2023-11-29,"137,1",377025.0,2750.0,13.921478
2024-04-11,13078.244696195228,2023-11-29,"137,1",351662.0,2565.0,15.731934
2024-04-12,10991.947997775736,2023-11-29,"137,1",351662.0,2565.0,18.88504
2024-04-13,11014.435335290364,2023-11-29,"137,1",351662.0,2565.0,21.145355
2024-04-14,12551.230799271878,2023-11-29,"137,1",351662.0,2565.0,21.449982
2024-04-15,12637.10624637102,2023-11-29,"137,1",300523.0,2192.0,20.347443
2024-04-16,13710.550032124267,2023-11-29,"137,1",300523.0,2192.0,16.290192
2024-04-17,12445.812272946385,2023-11-29,"142,7",312798.0,2192.0,15.031158
2024-04-18,14530.875007643408,2023-11-29,"142,7",285685.0,2002.0,14.894684
2024-04-19,12015.912858306414,2023-11-29,"142,7",285685.0,2002.0,15.357391
2024-04-20,15085.93115563116,2023-11-29,"142,7",285685.0,2002.0,16.962067
2024-04-21,13096.155749073729,2023-11-29,"142,7",285685.0,2002.0,16.522583
2024-04-22,12500.38388111622,2023-11-29,"142,7",204489.0,1433.0,14.547211
2024-04-23,14575.307601601027,2023-11-29,"142,7",204489.0,1433.0,11.699066
2024-04-24,13719.238496321666,2023-11-29,"148,3",205840.0,1388.0,12.4131775
2024-04-25,12911.406173088051,2023-11-29,"148,3",149486.0,1008.0,13.583038
2024-04-26,10575.989804263005,2023-11-29,"148,3",139699.0,942.0,14.27713
2024-04-27,17168.592949018504,2023-11-29,"148,3",139699.0,942.0,15.757599
2024-04-28,14796.327720997122,2023-11-29,"148,3",139699.0,942.0,14.214447
2024-04-29,16368.5408370269,2023-11-29,"148,3",111522.0,752.0,13.25235
2024-04-30,4104.795368723181,2023-11-29,"148,3",111522.0,752.0,15.31131
2024-05-01,8094.20424186589,2023-11-29,"153,9",115733.0,752.0,13.727814
2024-05-02,15203.348994593804,2023-11-29,"153,9",56943.0,370.0,13.594269
2024-05-03,17442.40458558651,2023-11-29,"153,9",56943.0,370.0,15.720001
2024-05-04,18167.272384381413,2023-11-29,"153,9",56943.0,370.0,18.454376
2024-05-05,17415.17935430588,2023-11-29,"153,9",56943.0,370.0,20.060272
2024-05-06,16665.34406799012,2023-11-29,"153,9",56943.0,370.0,18.214691
2024-05-07,18431.007391940715,2023-11-29,"153,9",56943.0,370.0,16.8779
2024-05-08,8280.805434725962,2023-11-29,"159,5",59015.0,370.0,17.846344
2024-05-09,12226.45269886193,2023-11-29,"159,5",59015.0,370.0,18.903534
2024-05-10,16345.115314926186,2023-11-29,"159,5",59015.0,370.0,20.304169
2024-05-11,19009.25241196387,2023-11-29,"159,5",59015.0,370.0,20.617706
2024-05-12,19030.62783229321,2023-11-29,"159,5",59015.0,370.0,20.776825
2024-05-13,20865.52009596357,2023-11-29,"159,5",59015.0,370.0,20.876923
2024-05-14,25374.515501374724,2023-11-29,"159,5",59015.0,370.0,19.464935
2024-05-15,20227.587212097485,2023-11-29,"165,1",61087.0,370.0,17.457306
2024-05-16,21086.940609292426,2023-11-29,"165,1",61087.0,370.0,17.362213
2024-05-17,20302.115406508427,2023-11-29,"165,1",61087.0,370.0,17.704254
2024-05-18,21127.405552265045,2023-11-29,"165,1",61087.0,370.0,18.466827
2024-05-19,20738.899525781944,2023-11-29,"165,1",61087.0,370.0,18.217438
2024-05-20,20472.62784304937,2023-11-29,"165,1",61087.0,370.0,17.817535
2024-05-21,24841.34020531777,2023-11-29,"165,1",61087.0,370.0,18.15097
2024-05-22,22509.6240980254,2024-05-22,"19,2",13248.0,690.0,18.746674
2024-05-23,22426.167430421287,2024-05-22,"19,2",39360.0,2050.0,18.930756
2024-05-24,21932.509947783376,2024-05-22,"19,2",39360.0,2050.0,18.327545
2024-05-25,21937.076623858884,2024-05-22,"19,2",39360.0,2050.0,19.53061
2024-05-26,22891.94430939784,2024-05-22,"19,2",39360.0,2050.0,21.749603
2024-05-27,26579.949816398286,2024-05-22,"19,2",39360.0,2050.0,21.070282
2024-05-28,29681.183704265804,2024-05-22,"19,2",52608.0,2740.0,21.397919
2024-05-29,23195.4334193288,2024-05-22,24,82320.0,3430.0,24.028473
2024-05-30,26311.28791037544,2024-05-22,24,82320.0,3430.0,23.9971
2024-05-31,24444.542030093213,2024-05-22,24,82320.0,3430.0,20.57431
2024-06-01,28068.81651196973,2024-05-22,24,82320.0,3430.0,20.179108
2024-06-02,28356.10386998908,2024-05-22,24,82320.0,3430.0,21.565643
2024-06-03,26724.14856254258,2024-05-22,24,82320.0,3430.0,21.957367
2024-06-04,22691.286858600142,2024-05-22,24,98880.0,4120.0,23.408356
2024-06-05,20864.97634476885,2024-05-22,"29,1",119892.0,4120.0,24.072845
2024-06-06,23629.01581499764,2024-05-22,"29,1",119892.0,4120.0,25.453033
2024-06-07,24778.02939862989,2024-05-22,"29,1",119892.0,4120.0,27.302338
2024-06-08,23920.14763152118,2024-05-22,"29,1",119892.0,4120.0,26.92337
2024-06-09,25782.13164811456,2024-05-22,"29,1",119892.0,4120.0,23.664764
2024-06-10,26393.263062718604,2024-05-22,"29,1",119892.0,4120.0,20.333038
2024-06-11,25420.49153353248,2024-05-22,"29,1",119892.0,4120.0,20.071075
2024-06-12,26691.55347012299,2024-05-22,"34,6",142552.0,4120.0,19.944
2024-06-13,25303.068291449035,2024-05-22,"34,6",142552.0,4120.0,20.607758
2024-06-14,22914.54844601117,2024-05-22,"34,6",142552.0,4120.0,23.922272
2024-06-15,26328.06578702828,2024-05-22,"34,6",142552.0,4120.0,24.03891
2024-06-16,24018.99775483735,2024-05-22,"34,6",142552.0,4120.0,22.770905
2024-06-17,27745.820248758537,2024-05-22,"34,6",142552.0,4120.0,24.341766
2024-06-18,26795.561013694503,2024-05-22,"34,6",142552.0,4120.0,25.75998
2024-06-19,29741.68131877772,2024-05-22,"40,4",166448.0,4120.0,25.307465
2024-06-20,27000.699951386803,2024-05-22,"40,4",166448.0,4120.0,22.128876
2024-06-21,22550.47598790504,2024-05-22,"40,4",166448.0,4120.0,21.938568
2024-06-22,24175.194156137703,2024-05-22,"40,4",166448.0,4120.0,22.493011
2024-06-23,23772.713051055227,2024-05-22,"40,4",166448.0,4120.0,22.980011
2024-06-24,27900.164113940707,2024-05-22,"40,4",166448.0,4120.0,23.73703
2024-06-25,25434.411072424395,2024-05-22,"40,4",166448.0,4120.0,25.217255
2024-06-26,25861.41326338605,2024-05-22,"46,5",191580.0,4120.0,25.668732
2024-06-27,25915.568103237063,2024-05-22,"46,5",191580.0,4120.0,27.679901
2024-06-28,24710.38534216912,2024-05-22,"46,5",191580.0,4120.0,27.458466
2024-06-29,28372.98719486676,2024-05-22,"46,5",191580.0,4120.0,23.352203
2024-06-30,28226.96660178799,2024-05-22,"46,5",191580.0,4120.0,24.328644
2024-07-01,18987.25021434099,2024-05-22,"46,5",191580.0,4120.0,22.671722
2024-07-03,26471.46460824181,2024-05-22,"52,9",217948.0,4120.0,23.40506
2024-07-04,26471.062936712704,2024-05-22,"52,9",217948.0,4120.0,24.985748
2024-07-05,27900.17386255205,2024-05-22,"52,9",217948.0,4120.0,25.649078
2024-07-06,24472.16908929839,2024-05-22,"52,9",217948.0,4120.0,25.390594
2024-07-07,22137.904702566724,2024-05-22,"52,9",217948.0,4120.0,22.49649
2024-07-08,22551.202216370173,2024-05-22,"52,9",217948.0,4120.0,25.041779
2024-07-09,21513.13168853449,2024-05-22,"52,9",217948.0,4120.0,26.134186
2024-07-10,3351.276466721464,2024-05-22,"59,4",244728.0,4120.0,28.2742
2024-07-11,16783.146935816814,2024-05-22,"59,4",244728.0,4120.0,29.166412
2024-07-12,21356.219236350047,2024-05-22,"59,4",244728.0,4120.0,27.685883
2024-07-13,24538.176823573143,2024-05-22,"59,4",244728.0,4120.0,23.564606
2024-07-14,25324.220453369253,2024-05-22,"59,4",244728.0,4120.0,26.36734
2024-07-15,2367.402576781976,2024-05-22,"59,4",244728.0,4120.0,28.935577
2024-07-16,1015.4439273589348,2024-05-22,"59,4",244728.0,4120.0,28.193634
2024-07-17,3795.976232042944,2024-05-22,"66,1",272332.0,4120.0,27.124603
2024-07-18,3851.9153948438334,2024-05-22,"66,1",272332.0,4120.0,28.881378
2024-07-19,2947.6906969089105,2024-05-22,"66,1",272332.0,4120.0,31.338501
2024-07-20,2539.809421283041,2024-05-22,"66,1",272332.0,4120.0,30.421783
2024-07-21,2395.64757960015,2024-05-22,"66,1",272332.0,4120.0,27.26596
2024-07-22,2665.772308696969,2024-05-22,"66,1",272332.0,4120.0,25.407623
2024-07-23,2212.571328430424,2024-05-22,"66,1",272332.0,4120.0,29.500763
2024-07-24,2848.15791548698,2024-05-22,72,296640.0,4120.0,30.7706
2024-07-25,4653.412142052071,2024-05-22,72,296640.0,4120.0,28.847198
2024-07-26,8566.959298395328,2024-05-22,72,296640.0,4120.0,28.970123
2024-07-27,9314.98821329879,2024-05-22,72,296640.0,4120.0,29.26065
2024-07-28,9606.903047425383,2024-05-22,72,296640.0,4120.0,29.700043
2024-07-29,9702.475279283362,2024-05-22,72,296640.0,4120.0,29.910248
2024-07-30,10998.237720743618,2024-05-22,72,296640.0,4120.0,31.944733
2024-07-31,7550.419422082765,2024-05-22,"79,6",327952.0,4120.0,32.635773
2024-08-01,9381.459417040258,2024-05-22,"79,6",327952.0,4120.0,31.845306
2024-08-02,9511.2086865194,2024-05-22,"79,6",327952.0,4120.0,29.368378
2024-08-03,9891.26945004327,2024-05-22,"79,6",327952.0,4120.0,27.849884
2024-08-04,10351.349352654996,2024-05-22,"79,6",327952.0,4120.0,28.555573
2024-08-05,11368.33447419366,2024-05-22,"79,6",327952.0,4120.0,29.070892
2024-08-06,15226.632341133996,2024-05-22,"79,6",327952.0,4120.0,29.404572
2024-08-07,11868.933777182863,2024-05-22,"86,4",355968.0,4120.0,29.611847
2024-08-08,9242.981704169022,2024-05-22,"86,4",355968.0,4120.0,29.793488
2024-08-09,9916.63633496849,2024-05-22,"86,4",355968.0,4120.0,30.223907
2024-08-10,10278.581339573228,2024-05-22,"86,4",355968.0,4120.0,30.967804
2024-08-11,11355.792122876086,2024-05-22,"86,4",355968.0,4120.0,30.392303
2024-08-12,10410.242186660618,2024-05-22,"86,4",355968.0,4120.0,29.665802
2024-08-13,10012.812988252892,2024-05-22,"86,4",355968.0,4120.0,27.93991
2024-08-14,11407.786322048662,2024-05-22,"93,2",383984.0,4120.0,23.38144
2024-08-15,11397.131880698147,2024-05-22,"93,2",383984.0,4120.0,23.904572
2024-08-16,11256.717688062006,2024-05-22,"93,2",383984.0,4120.0,25.108795
2024-08-17,10946.323191336342,2024-05-22,"93,2",383984.0,4120.0,26.570282
2024-08-18,12591.028371750775,2024-05-22,"93,2",383984.0,4120.0,27.018158
2024-08-19,10599.015457100311,2024-05-22,"93,2",383984.0,4120.0,25.050995
2024-08-20,146.27770990802378,2024-05-22,"93,2",383984.0,4120.0,25.922882
2024-08-21,405.9185191669495,2024-05-22,"99,8",411176.0,4120.0,26.522003
2024-08-22,11829.875706284114,2024-05-22,"99,8",411176.0,4120.0,27.88443
2024-08-23,12816.962905048347,2024-05-22,"99,8",411176.0,4120.0,28.487274
2024-08-24,12066.877931542484,2024-05-22,"99,8",411176.0,4120.0,27.881012
2024-08-25,13754.27700509584,2024-05-22,"99,8",411176.0,4120.0,25.28653
2024-08-26,13825.37608560218,2024-05-22,"99,8",411176.0,4120.0,25.299774
2024-08-27,16770.13001563589,2024-05-22,"99,8",411176.0,4120.0,26.582367
2024-08-28,17960.008092732078,2024-05-22,"106,4",438368.0,4120.0,27.195343
2024-08-29,12638.698981248786,2024-05-22,"106,4",438368.0,4120.0,26.595856
2024-08-30,14842.04473614441,2024-05-22,"106,4",438368.0,4120.0,26.347687
2024-08-31,12338.8524162564,2024-05-22,"106,4",438368.0,4120.0,26.282196
2024-09-01,13212.223502009048,2024-05-22,"106,4",438368.0,4120.0,25.664398
2024-09-02,15019.722853366444,2024-05-22,"106,4",438368.0,4120.0,25.559845
2024-09-03,19493.79701064992,2024-05-22,"106,4",438368.0,4120.0,22.707245
2024-09-04,19770.960356085103,2024-05-22,"112,8",464736.0,4120.0,19.669098
2024-09-05,17525.740474303286,2024-05-22,"112,8",464736.0,4120.0,18.878632
2024-09-06,17865.713100408182,2024-05-22,"112,8",464736.0,4120.0,21.60196
2024-09-07,17615.09191127908,2024-05-22,"112,8",464736.0,4120.0,23.28598
2024-09-08,19723.85485473928,2024-05-22,"112,8",464736.0,4120.0,22.558136
2024-09-09,19512.109985654184,2024-05-22,"112,8",464736.0,4120.0,20.402557
2024-09-10,20570.32131699876,2024-05-22,"112,8",464736.0,4120.0,19.839203
2024-09-11,18409.51906272662,2024-05-22,"119,2",491104.0,4120.0,18.714142
2024-09-12,20369.705574053434,2024-05-22,"119,2",443424.0,3720.0,20.012054
2024-09-13,22328.89202446728,2024-05-22,"119,2",443424.0,3720.0,17.229218
2024-09-14,20894.991940227123,2024-05-22,"119,2",443424.0,3720.0,16.79544
2024-09-15,18615.99167456989,2024-05-22,"119,2",443424.0,3720.0,18.48648
2024-09-16,19409.10666307889,2024-05-22,"119,2",443424.0,3720.0,18.788544
2024-09-17,17640.93556234975,2024-05-22,"119,2",443424.0,3720.0,18.8367
2024-09-18,19114.6778639019,2024-05-22,"125,3",416998.0,3328.0,18.95401
2024-09-19,18310.460189098914,2024-05-22,"125,3",416998.0,3328.0,18.460175
2024-09-20,17676.877998249365,2024-05-22,"125,3",366878.0,2928.0,18.670624
2024-09-21,16948.417354646586,2024-05-22,"125,3",366878.0,2928.0,17.904999
2024-09-22,18204.331400235427,2024-05-22,"125,3",366878.0,2928.0,19.056305
2024-09-23,14593.51169300205,2024-05-22,"125,3",366878.0,2928.0,18.062164
2024-09-24,16484.069572640485,2024-05-22,"125,3",316758.0,2528.0,19.149384
2024-09-25,16437.81012006856,2024-05-22,"131,3",331926.0,2528.0,20.130585
2024-09-26,16610.49293122922,2024-05-22,"131,3",324705.0,2473.0,22.412872
2024-09-27,14166.278005929107,2024-05-22,"131,3",324705.0,2473.0,19.262787
2024-09-28,12390.65069790745,2024-05-22,"131,3",324705.0,2473.0,15.960419
2024-09-29,12510.781014043436,2024-05-22,"131,3",324705.0,2473.0,16.390228
2024-09-30,8983.403247986938,2024-05-22,"131,3",324705.0,2473.0,18.96524
2024-10-01,8691.798865339004,2024-05-22,"131,3",324705.0,2473.0,19.728851
2024-10-02,9038.285283037245,2024-05-22,"137,1",284345.0,2074.0,19.066193
2024-10-03,8790.474903242492,2024-05-22,"137,1",284345.0,2074.0,17.839935
2024-10-04,8834.108699233298,2024-05-22,"137,1",231425.0,1688.0,14.922455
2024-10-05,10243.487237934743,2024-05-22,"137,1",231425.0,1688.0,15.915375
2024-10-06,9767.231969191687,2024-05-22,"137,1",231425.0,1688.0,19.286102
2024-10-07,6667.442667967958,2024-05-22,"137,1",231425.0,1688.0,19.846588
2024-10-08,4138.297812135923,2024-05-22,"137,1",177956.0,1298.0,18.647308
2024-10-09,3851.510949024704,2024-05-22,"142,7",185225.0,1298.0,20.094147
2024-10-10,3767.504765229141,2024-05-22,"142,7",118441.0,830.0,17.568146
2024-10-11,3920.421266280607,2024-05-22,"142,7",118441.0,830.0,15.781403
2024-10-12,4107.81008124437,2024-05-22,"142,7",118441.0,830.0,17.594147
2024-10-13,5737.074815370236,2024-05-22,"142,7",118441.0,830.0,17.48471
2024-10-14,3798.391610735943,2024-05-22,"142,7",118441.0,830.0,19.499054
2024-10-15,2208.8045997520003,2024-05-22,"142,7",62931.0,441.0,19.503021
2024-10-16,1797.738878135835,2024-05-22,"148,3",43155.0,291.0,20.166351
2024-10-17,1512.3807976543103,2024-05-22,"148,3",22393.0,151.0,16.669952
2024-10-18,3554.845815131941,2024-05-22,"148,3",22393.0,151.0,14.671539
2024-10-19,3642.309230506749,2024-05-22,"148,3",22393.0,151.0,15.233734
2024-10-20,3120.79279039913,2024-05-22,"148,3",22393.0,151.0,17.394745
2024-10-21,3113.634598100673,2024-05-22,"148,3",22393.0,151.0,17.048553
2024-10-22,3653.7112132902553,2024-05-22,"148,3",22393.0,151.0,17.342072
2024-10-23,3355.8346034518686,2024-05-22,"153,9",23239.0,151.0,16.90628
2024-10-24,3395.375220013,2024-05-22,"153,9",23239.0,151.0,16.052094
2024-10-25,5636.039419320095,2024-05-22,"153,9",23239.0,151.0,16.207123
2024-10-26,6442.393876142328,2024-05-22,"153,9",23239.0,151.0,14.666962
2024-10-27,6336.259790144965,2024-05-22,"153,9",23239.0,151.0,11.545746
2024-10-28,7224.834640861965,2024-05-22,"153,9",23239.0,151.0,14.604218
2024-10-29,7505.429101845039,2024-05-22,"153,9",23239.0,151.0,16.79306
2024-10-30,7587.112506479241,2024-10-30,"19,2",24192.0,1260.0,18.074066
2024-10-31,7889.369825583517,2024-10-30,"19,2",24192.0,1260.0,16.98471
2024-11-01,7879.617281031566,2024-10-30,"19,2",24192.0,1260.0,15.004242
2024-11-02,8345.005666865436,2024-10-30,"19,2",24192.0,1260.0,14.076141
2024-11-03,8770.795240242633,2024-10-30,"19,2",24192.0,1260.0,15.912994
2024-11-04,8733.37530590492,2024-10-30,"19,2",24192.0,1260.0,16.828827
2024-11-05,7972.117485245199,2024-10-30,"19,2",24192.0,1260.0,16.79721
2024-11-06,10694.897953855938,2024-10-30,24,45552.0,1898.0,15.6527405
2024-11-07,10234.222655044035,2024-10-30,24,60864.0,2536.0,14.113129
2024-11-08,9317.096934022977,2024-10-30,24,60864.0,2536.0,14.032867
2024-11-09,4549.973138200282,2024-10-30,24,60864.0,2536.0,14.81546
2024-11-10,9596.199694235229,2024-10-30,24,60864.0,2536.0,12.762421
2024-11-11,10756.030128453753,2024-10-30,24,90000.0,3750.0,12.489105
2024-11-12,10617.47818101045,2024-10-30,24,90000.0,3750.0,10.466644
2024-11-13,11246.390926709277,2024-10-30,"29,1",109125.0,3750.0,9.982819
2024-11-14,10814.373162140006,2024-10-30,"29,1",109125.0,3750.0,12.040558
2024-11-15,9561.032767493343,2024-10-30,"29,1",109125.0,3750.0,12.488312
2024-11-16,11003.3254371051,2024-10-30,"29,1",109125.0,3750.0,12.621002
2024-11-17,12600.349061721756,2024-10-30,"29,1",109125.0,3750.0,12.22644
2024-11-18,11870.7750872529,2024-10-30,"29,1",109125.0,3750.0,11.567291
2024-11-19,12210.968704384935,2024-10-30,"29,1",109125.0,3750.0,12.274872
2024-11-20,11902.128055620158,2024-10-30,"34,6",129750.0,3750.0,13.643097
2024-11-21,10433.827211495713,2024-10-30,"34,6",129750.0,3750.0,14.542755
2024-11-22,10029.38232958973,2024-10-30,"34,6",129750.0,3750.0,12.370087
2024-11-23,9511.856130587086,2024-10-30,"34,6",129750.0,3750.0,8.945221
2024-11-24,12368.204799379211,2024-10-30,"34,6",129750.0,3750.0,13.875458
2024-11-25,11390.413562016724,2024-10-30,"34,6",129750.0,3750.0,15.883942
2024-11-26,11218.847754945717,2024-10-30,"34,6",129750.0,3750.0,10.799225
2024-11-27,10771.201850078767,2024-10-30,"40,4",151500.0,3750.0,10.566376
2024-11-28,11801.74023868069,2024-10-30,"40,4",151500.0,3750.0,9.420258
2024-11-29,568.2362134509315,2024-10-30,"40,4",151500.0,3750.0,9.330719
2024-11-30,7922.826499786373,2024-10-30,"40,4",151500.0,3750.0,9.320465
2024-12-01,16932.094873795093,2024-10-30,"40,4",151500.0,3750.0,8.472809
2024-12-02,14493.608889411928,2024-10-30,"40,4",151500.0,3750.0,9.262909
2024-12-03,14624.446120182747,2024-10-30,"40,4",151500.0,3750.0,9.214386
2024-12-04,15560.76575066474,2024-10-30,"46,5",174375.0,3750.0,9.869232
2024-12-05,15573.158861832537,2024-10-30,"46,5",174375.0,3750.0,8.346405
2024-12-06,14447.401557960731,2024-10-30,"46,5",174375.0,3750.0,12.756683
2024-12-07,16571.889348471545,2024-10-30,"46,5",174375.0,3750.0,11.216583
2024-12-08,16866.26311413464,2024-10-30,"46,5",174375.0,3750.0,7.934723
2024-12-09,15372.54171418466,2024-10-30,"46,5",174375.0,3750.0,7.040497
2024-12-10,18085.549278154114,2024-10-30,"46,5",174375.0,3750.0,4.7431946
2024-12-11,18405.80244844704,2024-10-30,"52,9",198375.0,3750.0,5.478241
2024-12-12,17217.397664666714,2024-10-30,"52,9",198375.0,3750.0,6.884491
2024-12-13,20090.03400239365,2024-10-30,"52,9",198375.0,3750.0,8.34317
2024-12-14,17668.902892486996,2024-10-30,"52,9",198375.0,3750.0,6.452118
2024-12-15,17836.98411009671,2024-10-30,"52,9",198375.0,3750.0,7.079254
2024-12-16,20133.591550395973,2024-10-30,"52,9",198375.0,3750.0,5.8716736
2024-12-17,22868.33733608144,2024-10-30,"52,9",198375.0,3750.0,4.534149
2024-12-18,23496.01192982014,2024-10-30,"59,4",222750.0,3750.0,7.09079
2024-12-19,21134.845038964504,2024-10-30,"59,4",222750.0,3750.0,9.760895
2024-12-20,16779.40289082015,2024-10-30,"59,4",222750.0,3750.0,7.8971863
2024-12-21,33196.82974388087,2024-10-30,"59,4",222750.0,3750.0,6.660736
2024-12-22,32876.7345495942,2024-10-30,"59,4",222750.0,3750.0,9.752289
2024-12-23,32997.39015453709,2024-10-30,"59,4",222750.0,3750.0,8.978668
2024-12-24,33690.032976551665,2024-10-30,"59,4",222750.0,3750.0,9.27005
2024-12-25,40716.06198492988,2024-10-30,"66,1",247875.0,3750.0,8.331696
2024-12-26,32132.397121608647,2024-10-30,"66,1",247875.0,3750.0,10.146271
2024-12-27,36997.86644485997,2024-10-30,"66,1",247875.0,3750.0,8.613373
2024-12-28,34477.98793751588,2024-10-30,"66,1",247875.0,3750.0,6.5257874
2024-12-29,31608.91570507985,2024-10-30,"66,1",247875.0,3750.0,5.633148
2024-12-30,32962.65225780621,2024-10-30,"66,1",247875.0,3750.0,4.9308167
2024-12-31,26394.06242388075,2024-10-30,"66,1",247875.0,3750.0,4.153839
2025-01-01,31330.957339332297,2024-10-30,72,270000.0,3750.0,4.2828064
2025-01-02,25967.79619177267,2024-10-30,72,270000.0,3750.0,3.1720276
2025-01-03,26349.77692924287,2024-10-30,72,270000.0,3750.0,5.886078
2025-01-04,24592.75094970964,2024-10-30,72,270000.0,3750.0,8.651947
2025-01-05,26084.79582587808,2024-10-30,72,270000.0,3750.0,7.301178
2025-01-06,22636.26448059483,2024-10-30,72,270000.0,3750.0,7.580353
2025-01-07,25778.11206084425,2024-10-30,72,270000.0,3750.0,7.699188
2025-01-08,32324.7929341899,2024-10-30,"79,6",298500.0,3750.0,9.026398
2025-01-09,26979.15165512841,2024-10-30,"79,6",298500.0,3750.0,10.414154
2025-01-10,28166.635959417898,2024-10-30,"79,6",298500.0,3750.0,11.009125
2025-01-11,35532.97413595379,2024-10-30,"79,6",298500.0,3750.0,12.958649
2025-01-12,38741.60954362605,2024-10-30,"79,6",298500.0,3750.0,8.478668
2025-01-13,40210.14745833426,2024-10-30,"79,6",298500.0,3750.0,2.5415955
2025-01-14,29137.104389416883,2024-10-30,"79,6",298500.0,3750.0,2.6164246
2025-01-15,30160.513093786765,2024-10-30,"86,4",324000.0,3750.0,2.4844666
2025-01-16,29790.404826985126,2024-10-30,"86,4",324000.0,3750.0,3.8484802
2025-01-17,30274.974318331057,2024-10-30,"86,4",324000.0,3750.0,3.697113
2025-01-18,36419.59886755963,2024-10-30,"86,4",324000.0,3750.0,5.2604675
2025-01-19,34260.69115123301,2024-10-30,"86,4",324000.0,3750.0,4.842682
2025-01-20,38375.243348610966,2024-10-30,"86,4",324000.0,3750.0,4.4649353
2025-01-21,38659.06040588573,2024-10-30,"86,4",324000.0,3750.0,6.8367615
2025-01-22,34709.85888247239,2024-10-30,"93,2",349500.0,3750.0,9.47934
2025-01-23,33591.7621626166,2024-10-30,"93,2",349500.0,3750.0,11.269012
2025-01-24,38565.7039392828,2024-10-30,"93,2",349500.0,3750.0,10.0784
2025-01-25,35249.931710663914,2024-10-30,"93,2",349500.0,3750.0,9.165192
2025-01-26,33544.51104040583,2024-10-30,"93,2",349500.0,3750.0,8.2690735
2025-01-27,31716.42978647021,2024-10-30,"93,2",349500.0,3750.0,12.396271
2025-01-28,33582.587970824934,2024-10-30,"93,2",349500.0,3750.0,10.586578
2025-01-29,32837.33963884421,2024-10-30,"99,8",374250.0,3750.0,8.740387
2025-01-30,25458.965130260003,2024-10-30,"99,8",374250.0,3750.0,6.5816956
2025-01-31,29585.22178842256,2024-10-30,"99,8",374250.0,3750.0,6.0761414
2025-02-01,26765.2348626685,2024-10-30,"99,8",374250.0,3750.0,5.2747498
2025-02-02,30734.28922830814,2024-10-30,"99,8",374250.0,3750.0,5.5364685
2025-02-03,28226.46178790028,2024-10-30,"99,8",354789.0,3555.0,6.318207
2025-02-04,21128.62259926655,2024-10-30,"99,8",335328.0,3360.0,6.4461975
2025-02-05,17661.75945398964,2024-10-30,"106,4",357504.0,3360.0,7.497528
2025-02-06,19308.111388754263,2024-10-30,"106,4",316008.0,2970.0,6.2373962
2025-02-07,20114.9154833239,2024-10-30,"106,4",316008.0,2970.0,6.087738
2025-02-08,22898.61865709516,2024-10-30,"106,4",316008.0,2970.0,8.188019
2025-02-09,24457.488950597774,2024-10-30,"106,4",316008.0,2970.0,6.6161194
2025-02-10,21056.250092570142,2024-10-30,"106,4",295260.0,2775.0,8.568634
2025-02-11,23301.665988045097,2024-10-30,"106,4",274512.0,2580.0,10.70047
2025-02-12,16942.431712506732,2024-10-30,"112,8",247032.0,2190.0,8.999603
2025-02-13,12997.247335531149,2024-10-30,"112,8",247032.0,2190.0,8.62381
2025-02-14,13608.830260980503,2024-10-30,"112,8",247032.0,2190.0,11.012726
2025-02-15,13504.168512289014,2024-10-30,"112,8",247032.0,2190.0,10.310211
2025-02-16,14920.738346321496,2024-10-30,"112,8",247032.0,2190.0,10.141144
2025-02-17,13077.56978440342,2024-10-30,"112,8",225036.0,1995.0,12.377289
2025-02-18,12374.65998371056,2024-10-30,"112,8",181495.0,1609.0,10.886749
2025-02-19,8960.291369830342,2024-10-30,"119,2",145305.0,1219.0,11.103851
2025-02-20,4307.29154834733,2024-10-30,"119,2",123849.0,1039.0,11.663025
2025-02-21,7574.2905643157,2024-10-30,"119,2",123849.0,1039.0,11.710175
2025-02-22,7239.358559216351,2024-10-30,"119,2",123849.0,1039.0,12.477692
2025-02-23,6059.148125884764,2024-10-30,"119,2",123849.0,1039.0,11.478241
2025-02-24,3743.2501535351066,2024-10-30,"119,2",77361.0,649.0,9.93515
2025-02-25,3274.978163092757,2024-10-30,"119,2",30634.0,257.0,10.720612
2025-02-26,1012.992806678774,2024-10-30,"125,3",16790.0,134.0,9.158051
2025-02-27,13106.47509551697,2024-10-30,"125,3",16790.0,134.0,9.326874
2025-02-28,9621.06367511561,2024-10-30,"125,3",16790.0,134.0,9.533112
2025-03-01,10230.091496243793,2024-10-30,"125,3",16790.0,134.0,9.266815
2025-03-02,13133.224134607955,2024-10-30,"125,3",16790.0,134.0,9.394562
2025-03-03,14467.7635849544,2024-10-30,"125,3",1754.0,14.0,10.618378
2025-03-04,17739.414724738268,2024-10-30,"125,3",1754.0,14.0,12.095551
2025-03-05,16393.322393295497,2024-10-30,"131,3",1838.0,14.0,11.265472
2025-03-06,13177.814676032687,2024-10-30,"131,3",1838.0,14.0,12.303314
2025-03-07,15190.142309205505,2024-10-30,"131,3",1838.0,14.0,11.741913
2025-03-08,16108.053097471118,2024-10-30,"131,3",1838.0,14.0,12.729706
2025-03-09,6941.785393084992,2024-10-30,"131,3",1838.0,14.0,12.546478
2025-03-10,16068.267516526084,2024-10-30,"131,3",1838.0,14.0,9.705963
2025-03-11,14380.477637632566,2024-10-30,"131,3",1838.0,14.0,10.85318
2025-03-12,14300.044131363667,2025-03-12,"19,2",13056.0,680.0,10.92807
2025-03-13,16055.289275821717,2025-03-12,"19,2",49190.0,2562.0,9.48819
2025-03-14,13959.048803881196,2025-03-12,"19,2",79104.0,4120.0,8.546539
2025-03-15,13135.583149961509,2025-03-12,"19,2",79104.0,4120.0,7.6074524
2025-03-16,14898.156345298506,2025-03-12,"19,2",79104.0,4120.0,5.492462
2025-03-17,14398.420298184044,2025-03-12,"19,2",79104.0,4120.0,6.7757263
2025-03-18,12730.565414831148,2025-03-12,"19,2",79104.0,4120.0,8.009369
2025-03-19,13519.805434523543,2025-03-12,24,98880.0,4120.0,11.943085
2025-03-20,14838.080244872504,2025-03-12,24,98880.0,4120.0,14.166412
2025-03-21,16319.416885258051,2025-03-12,24,98880.0,4120.0,13.668549
2025-03-22,16826.55028863855,2025-03-12,24,98880.0,4120.0,11.915863
2025-03-23,12664.34192711824,2025-03-12,24,98880.0,4120.0,9.470734
2025-03-24,18799.93911615701,2025-03-12,24,98880.0,4120.0,9.780914
2025-03-25,17146.79657494585,2025-03-12,24,98880.0,4120.0,11.054291
2025-03-26,18912.822422458285,2025-03-12,"29,1",119892.0,4120.0,10.564911
2025-03-27,15790.96867561098,2025-03-12,"29,1",119892.0,4120.0,10.874664
2025-03-28,20494.95143434949,2025-03-12,"29,1",119892.0,4120.0,11.705414
2025-03-29,16438.276026206746,2025-03-12,"29,1",119892.0,4120.0,11.328644
2025-03-30,17157.73675219555,2025-03-12,"29,1",119892.0,4120.0,10.236725
2025-03-31,18576.11878572869,2025-03-12,"29,1",119892.0,4120.0,12.557129
2025-04-01,17738.304997284256,2025-03-12,"29,1",119892.0,4120.0,12.803864
2025-04-02,19103.699794268065,2025-03-12,"34,6",142552.0,4120.0,11.544891
2025-04-03,20061.854335414853,2025-03-12,"34,6",142552.0,4120.0,12.85788
2025-04-04,18060.037836672964,2025-03-12,"34,6",142552.0,4120.0,15.021454
2025-04-05,18771.547539254247,2025-03-12,"34,6",142552.0,4120.0,14.729279
2025-04-06,22280.320370230413,2025-03-12,"34,6",142552.0,4120.0,15.793243
2025-04-07,24540.489750430705,2025-03-12,"34,6",142552.0,4120.0,16.237335
2025-04-08,22444.24161770208,2025-03-12,"34,6",142552.0,4120.0,15.653168
2025-04-09,22980.66638957837,2025-03-12,"40,4",166448.0,4120.0,15.795441
2025-04-10,25605.324465902184,2025-03-12,"40,4",166448.0,4120.0,16.047394
2025-04-11,26803.4792799499,2025-03-12,"40,4",166448.0,4120.0,13.701935
2025-04-12,19594.98812106699,2025-03-12,"40,4",166448.0,4120.0,15.003082
2025-04-13,10447.561363861729,2025-03-12,"40,4",166448.0,4120.0,16.58487
2025-04-14,26555.716107773547,2025-03-12,"40,4",166448.0,4120.0,15.848236
2025-04-15,22030.700737926465,2025-03-12,"40,4",166448.0,4120.0,13.387604
2025-04-16,24672.758678992974,2025-03-12,"46,5",191580.0,4120.0,11.899384
2025-04-17,24553.375883397344,2025-03-12,"46,5",191580.0,4120.0,12.332794
2025-04-18,29088.94806908394,2025-03-12,"46,5",191580.0,4120.0,14.332306
2025-04-19,28240.485754971407,2025-03-12,"46,5",191580.0,4120.0,13.30307
2025-04-20,26120.42796192352,2025-03-12,"46,5",191580.0,4120.0,12.976837
2025-04-21,24622.68439548108,2025-03-12,"46,5",191580.0,4120.0,14.0383
2025-04-22,27323.47624022675,2025-03-12,"46,5",191580.0,4120.0,13.913055
2025-04-23,25352.255194850623,2025-03-12,"52,9",217948.0,4120.0,14.5746765
2025-04-24,30953.23867576084,2025-03-12,"52,9",217948.0,4120.0,17.06607
2025-04-25,26157.353753760886,2025-03-12,"52,9",217948.0,4120.0,17.257782
2025-04-26,25280.102000664625,2025-03-12,"52,9",217948.0,4120.0,16.419464
2025-04-27,24738.781492579365,2025-03-12,"52,9",217948.0,4120.0,15.872589
2025-04-28,23743.04733868821,2025-03-12,"52,9",217948.0,4120.0,16.410797
2025-04-29,24439.299309011123,2025-03-12,"52,9",217948.0,4120.0,16.685883
2025-04-30,29204.951790605224,2025-03-12,"59,4",244728.0,4120.0,16.106476
2025-05-01,27439.488206135185,2025-03-12,"59,4",244728.0,4120.0,17.637482
2025-05-02,25822.192513069564,2025-03-12,"59,4",244728.0,4120.0,17.711823
2025-05-03,25343.395702317128,2025-03-12,"59,4",244728.0,4120.0,18.77768
2025-05-04,27360.37416646397,2025-03-12,"59,4",244728.0,4120.0,18.203278
2025-05-05,21165.65069890867,2025-03-12,"59,4",244728.0,4120.0,17.1221
2025-05-06,28032.465950862937,2025-03-12,"59,4",244728.0,4120.0,14.638214
2025-05-07,25810.95365122212,2025-03-12,"66,1",272332.0,4120.0,14.028229
2025-05-08,29802.60079265404,2025-03-12,"66,1",272332.0,4120.0,15.013031
2025-05-09,24775.35755548827,2025-03-12,"66,1",272332.0,4120.0,16.308075
2025-05-10,28825.708201356145,2025-03-12,"66,1",272332.0,4120.0,16.79599
2025-05-11,23670.800700502303,2025-03-12,"66,1",272332.0,4120.0,17.206451
2025-05-12,24349.586336942142,2025-03-12,"66,1",272332.0,4120.0,15.890717
2025-05-13,24169.605163211825,2025-03-12,"66,1",272332.0,4120.0,16.60672
2025-05-14,24013.197614408666,2025-03-12,72,296640.0,4120.0,17.08255
2025-05-15,24643.96765432636,2025-03-12,72,296640.0,4120.0,18.200775
2025-05-16,25593.21129911658,2025-03-12,72,296640.0,4120.0,19.037628
2025-05-17,30234.07419506874,2025-03-12,72,296640.0,4120.0,18.918
2025-05-18,24876.157744727985,2025-03-12,72,296640.0,4120.0,20.032928
2025-05-19,27650.619165232987,2025-03-12,72,296640.0,4120.0,20.033234
2025-05-20,23894.98517683797,2025-03-12,72,296640.0,4120.0,19.263885
2025-05-21,26973.728807190702,2025-03-12,"79,6",327952.0,4120.0,19.42337
2025-05-22,30575.694095637387,2025-03-12,"79,6",327952.0,4120.0,20.18155
2025-05-23,28709.39703920795,2025-03-12,"79,6",327952.0,4120.0,18.593475
2025-05-24,25113.13220282523,2025-03-12,"79,6",327952.0,4120.0,19.727081
2025-05-25,23836.197265418275,2025-03-12,"79,6",327952.0,4120.0,21.648712
2025-05-26,27521.75594172721,2025-03-12,"79,6",327952.0,4120.0,22.944244
2025-05-27,24348.141481575884,2025-03-12,"79,6",327952.0,4120.0,22.63559
2025-05-28,29284.691749875063,2025-03-12,"86,4",355968.0,4120.0,24.319061
2025-05-29,26642.07327190433,2025-03-12,"86,4",355968.0,4120.0,26.523468
2025-05-30,29847.341034765886,2025-03-12,"86,4",355968.0,4120.0,26.9039
2025-05-31,29434.31003632403,2025-03-12,"86,4",355968.0,4120.0,28.063019
